BR,SUBJECTIVITY,POLARITY
"A Rua Ronald de Carvalho, em Copa, j√° se tornou um excelente point de boa gastronomia no Rio de Janeiro.",0.0,0.0
"A altura das mesas tamb√©m √© errada, muito baixa e vc tem que se curvar para comer.",1.0,-1.0
"A casa tinha poucos clientes (quarta-feira), bem climatizada, som bacana, numa vibe rom√¢ntica.",1.0,1.0
"A comida do restaurante √© bem gostosa, os pratos chegam r√°pido e o pre√ßo √© bem acess√≠vel para um rod√≠zio japon√™s no miolo da Vila Madalena (R$55,00 no jantar).Tudo e bem simples, n√£o tem muitas inven√ß√µes, mas √© tudo feito muito bem.A √∫nica reclama√ß√£o que tenho a fazer √© com os gar√ßons.",1.0,1.0
A comida √© bem cuidada e farta.,1.0,1.0
"A maioria dos pratos √© a base til√°pia, mas eu recomendo o bacalhau com natas e pur√™ de banana.",0.0,0.0
"A minha experi√™ncia no restaurante foi positiva, mas gostaria de fazer umas ressalvas!Fui na unidade da Av.",1.0,1.0
A noite a m√∫sica √© suave eacolhedora.,1.0,1.0
"A pizza √© muito boa, todos os sabores que provamos estavam √≥timos, o atendimento √© muito bom, todos os gar√ßons receptivos e simp√°ticos.",1.0,1.0
"A vista √© fant√°stica.A comida e o atendimento eram excelentes, mas, caiu um pouco.Fui para almo√ßo algumas vezes e caf√© da manh√£.Era melhor quando tinha almo√ßo a la carte.",1.0,1.0
A √°rea externa do restaurante era aconchegante e muito bonito.,1.0,1.0
"Achamos a decora√ß√£o uma gra√ßa, mas demoramos um pouco a conhec√™-la pq ao consultar sua nota aqui no trip vimos outras hamburguerias bem melhor avaliadas.",1.0,1.0
"Almo√ßo com uma grande variedade de legumes e verduras, perfeito para quem esta de dieta e n√£o pode sair do seu peso ideal.",1.0,1.0
"Al√©m de fazer parte do clube do ""prato"".",0.0,0.0
"Al√©m do servi√ßo deixar a desejar, o atendimento √© ruim.",1.0,-1.0
"Ambiente agrad√°vel, cerveja bastante gelada (ponto muito positivo).Petiscos muito bons.",1.0,1.0
"Ambiente agrad√°vel, gar√ßons atenciosos, o melhor cupim de Goi√¢nia.",1.0,1.0
Ambiente claro e minimalista.,0.0,0.0
Ambiente e atendimento excelente.,1.0,1.0
"Ambiente muito amplo, bonito e agrad√°vel!",1.0,1.0
Ambiente pequeno e agrad√°vel.,1.0,1.0
Aninhado numa √°rea residencial.,0.0,0.0
Aos 45 do segundo tempo eis que este delivery nos salvou na noite de carnaval.,0.0,0.0
Aqui em salvador definitivamente √© melhor ainda!,1.0,1.0
"As entradinhas estavam √≥timas (destaque para Lula, marinado de tilapia e croquete de salm√£o).",1.0,1.0
Assim como o clericot.,0.0,0.0
"Atendentes simp√°ticos e r√°pidos, sempre explicam em detalhes o prato.",1.0,1.0
Atendimento confuso e com informa√ß√µes contradit√≥rias.,1.0,-1.0
"Atendimento cort√™s e eficiente dos gar√ßons ,√≥timo ambiente .Com certeza voltaremos!!!!",1.0,1.0
Atendimento excelente pela comadre Maria Jos√©.,1.0,1.0
Atendimento impec√°vel e comida deliciosa.,1.0,1.0
Atendimento nota 10.,1.0,1.0
"Bem referenciado aqui no Trip, fomos ao restaurante.",0.0,0.0
Bom lugar para tomar caf√© da manh√£ nos finais de semana.,1.0,1.0
"Bom sorvetes com os variados sabores para todos os gostos, para desfrutar com a fam√≠lia, amigos com √≥timo atendimento.",1.0,1.0
"Bom, pensei comigo ""a pizza deve ser boa"".",0.0,0.0
Cerveja super gelada!,0.0,0.0
"Cheguei pouco antes das 10:20, ele pouco depois das 10:30.",0.0,0.0
Com certeza uma das melhores op√ßoes de lanche em Campo Grande.,1.0,1.0
"Comendo bem.Pelo que oferece, n√£o √® caro.Deixo aqui o parab√©ns para o Adriano, gar√ßon simpatississimo que nos atendeu.Gostei e voltarei v√°rias vezes, se Deus assim quiser.",1.0,1.0
Comida de primeira qualidade a um pre√ßo justo.,1.0,1.0
Comida deliciosa e uma equipe de gar√ßons atenciosos.,1.0,1.0
Comida do restaurante √© simplesmente fant√°stica!!,1.0,1.0
Comida excelente .,1.0,1.0
Comida excelente!!!,1.0,1.0
"Comida muito saborosa, ambiente agrad√°vel, bonito, boa decora√ß√£o.",1.0,1.0
"Comida ok, mas existem √≥timas op√ß√µes, ou com comida bem melhor, ou com custo benef√≠cio menor.",1.0,-1.0
Como em outros restaurantes da rede os pratos s√£o mito bem elaborados e com o custo X ben√©fico presente.Al√©m dos camar√µes o bacalhau √© muito bom.,1.0,1.0
"Considero este o meu restaurante predileto, tento sempre ir perto dos dias dos namorados devido a carta especial que eles preparam para a ocasi√£o, gosto do risoto de salm√£o com molho c√≠trico!",1.0,1.0
"Decora√ß√£o chique e s√≥bria, ambiente requintado e aconchegante.",1.0,1.0
"Depois de um passeio pela cidade, nada como satisfazer a nossa fome e este local tem bom atendimento e comida deliciosa.",1.0,1.0
Dou uma passada sempre que poss√≠vel.,0.0,0.0
E tenha um bom apetite.,0.0,0.0
"Eles tamb√©m d√£o ao cliente uma enquete para avalia√ß√£o, no intuito de melhorar a qualidade do servi√ßo.",0.0,0.0
"Em sistema de rod√≠zio, o Nonna oferece ambiente agrad√°vel, familiar com gar√ßons educados e atenciosos.",1.0,1.0
"Embaixo ( do mesmo dono) , um boteco maravilhoso com bolinhos de bacalhau, empadas e past√©is de Siri, palmito , bacalhau, camar√£o, maravilhosos!",0.0,0.0
"Empadas de camar√£o, past√©is de camar√£o, bolinho de bacalhau .",0.0,0.0
"Encontrar um local tranquilo, bem arrumado, com acessibilidade, comida saud√°vel que atende aos cel√≠acos, intolerantes √† lactose e vegetarianos foi um achado.",1.0,1.0
"Entrada: croquete de camar√£o, bom mas nada fenomenalBurrata cremosa de parma com r√∫cula - muito boaPrincipal: massa recheada com pato e bife de foie gras muito saborosa!",1.0,1.0
"Ent√£o, achamos o custo-benef√≠cio √≥timo.",1.0,1.0
"Esse bar √© aquele lugar com uma paisagem exuberante, onde vc chega e sente que est√° sentado na sua sala de estar, reunidos com seus amigos.",1.0,1.0
"Este restaurante sediado na zona sul de Recife, oferece um excelente card√°pio de forneria.",1.0,1.0
Estive em um domingo com o restaurante vazio e mesmo assim o atendimento foi ruim.,1.0,-1.0
Eu adoro o p√£o del√≠cia üëçüèº,1.0,1.0
Excelente ambiente.,1.0,1.0
"Excelente atendimento dos gar√ßons Eduardo e Jonceliano.Comida boa, ambiente agrad√°vel.",1.0,1.0
"Excelente para tomar um √≥timo chopp, comer petiscos ou comida alem√£.Indico o salsich√£o com salada de batatas, croquetes.Uma serpentina totalmente resfriada mantem o chopp sempre na temperatura idela.",1.0,1.0
Existem muitas op√ß√µes muito melhores e muito mais baratas em Manaus.,1.0,-1.0
"Fiquei impressionado com o espa√ßo f√≠sico, bem arejado.",1.0,1.0
Fomos com um grupo de amigos.,0.0,0.0
Fomos por indica√ß√£o da guia tur√≠stica e pela facilidade do leva e traz do hotel!,0.0,0.0
Fui ao Festival Cumida di Buteco e adorei.,1.0,1.0
Fui ao Gonzaga do Iate hoje com minha fam√≠lia e n√£o pretendo mais voltar.,1.0,-1.0
"Fui com meu noivo em setembro de 2019, duas semanas atr√°s, motivada pelo marketing feito nas redes sociais.",0.0,0.0
Fui na certeza de comer bem e me dei mal !!!,1.0,-1.0
"Fui na unidade do Outlet Premium, muito bom.",1.0,1.0
Fui no jantar.,0.0,0.0
"Fui pronta e cordialmente atendida e digo uma coisa: para quem gosta de ver como as coisas se processam at√© chegar √† mesa do cliente, vale muito o tour que foi cordialmente guiado pela Gerente.",0.0,0.0
Gar√ßons mto atenciosos.,1.0,1.0
"Gente, que comida deliciosa!!!!",1.0,1.0
Gostamos bastante!,1.0,1.0
"Gostoso, sem d√∫vida, mas sem o algo a mais que eu esperava.",1.0,-1.0
H√° bastante op√ß√µes de cerveja.,0.0,0.0
"Instalado em uma linda edifica√ß√£o que poderia tamb√©m receber um galeria de arte por sua beleza, nos oferece uma cozinha onde os frutos do mar s√£o o destaque.",0.0,0.0
J√° estive nesse restaurante por 2 vezes e em ambas o atendimento foi muito bom.,1.0,1.0
"J√° tinha conhecido outras unidades do restaurante, sempre comendo muito bem e com os pratos refletindo exatamente como estava descrito no card√°pio.",1.0,1.0
"Local agrad√°vel,  atendimento muito bom, cozinha saborosa, as vezes a borda da pizza est√°  queimada, a√≠ n√£o  gosto muito, mas no geral √© √≥tima , sempre vou , pelo menos 1 vez no m√™s e indico todas vezes aos meus clientes.",1.0,1.0
"Local agrad√°vel, muito bem localizado e os pratos s√£o de dar "" √°gua na boca"".Atendimento r√°pido,muiito bom.A entrada de camar√£o acebolado √© imperd√≠vel.Parab√©ns",1.0,1.0
Local muito agrad√°vel.,1.0,1.0
"Local sem luxo, mas bem tranquilo para petiscar.",1.0,1.0
Local √≥timo para comer conversando sem pressa.,1.0,1.0
"Localizado em Lagoa Nova, o restaurante tem uma boa varia√ß√£o no seu buffet.",0.0,0.0
"Localizado em uma das ruazinhas charmosas de Santa Tereza ele serve os inigual√°veis e disputados pasteis de feijoada, cerveja gelada em aut√™nticos copos de boteco.",1.0,1.0
"Mas no geral, √© uma experi√™ncia muito agrad√°vel.",1.0,1.0
Mas n√£o se deixe enganar pela localiza√ß√£o.,0.0,0.0
Mas poderiam servir  alguns pratos t√≠picos de  Bel√©m!!!,1.0,-1.0
"Mas quando os pratos chegam, √© cada um melhor que o outro.",1.0,1.0
"Mas sem d√∫vida o que destaca no restaurante √© a possibilidade de comer bem, pratos bem montado, pelo pre√ßo de at√© 40 reais.",1.0,1.0
"Mc Donalds √© garantia de qualidade e pre√ßo justo em qualquer lugar, mas esta loja tem um ambiente gostoso e climatizado, com muita gente bonita, vale a pena.",1.0,1.0
"Melhor restaurante de frutos do mar do Rio de Janeiro, fui com minha esposa a comida √© maravilhosa.",1.0,1.0
"Mesmo sendo muito bom, n√£o deixa nada a desejar em compara√ß√£o ao Pampa Burguer.",1.0,1.0
Muito bom para uma refei√ß√£o r√°pida e gostosa.,1.0,1.0
Muito bom restaurante.,1.0,1.0
Muito educado e simpatia √≠mpar.,1.0,1.0
Muito t√≠pico e movimentado.,0.0,0.0
"Na sequ√™ncia, a cozinha despacha o robalo com crosta de castanha, banana-da-terra, molho pesto e risoto de alho-por√≥ (R$ 79,90).",0.0,0.0
"Nada de espetacular, mas tamb√©m nada que desabone.",1.0,-1.0
Nada demais.,1.0,-1.0
No do canoa dos camar√µes voc√™ paga menos e a comida √© muito mais saborosa.,1.0,-1.0
N√£o arrisque.,1.0,-1.0
"N√£o deixe de experimentar o hot dog freak bacon (a salsicha gourmet √© enrolada por uma fatia de bacon, a maionese tem sabor de bacon e h√° pedacinhos de bacon por cima do lanche).",0.0,0.0
N√£o h√° como comparar a qualidade do Ponto do A√ßa√≠ com o da Casa do Par√° (espero que provem antes de criticar).,0.0,0.0
N√£o iremos repetir.,1.0,-1.0
N√£o poderia ser melhor!,1.0,1.0
"N√£o sab√≠amos aonde comer no shopping e vimos um buffet de saladas variado, o que nos atraiu bastante.",0.0,0.0
"N√£o tenho nenhuma reclama√ß√£o, possui local para ficar na areia, no barzinho, no ar condicionado, comida maravilhosa, pessoas bonitas, bem frequentado, com dj, show ao vivo, o atendimento √© de alt√≠ssima qualidade.",1.0,1.0
"O ambiente n√£o cobra 10%, possui estacionamento pr√≥prio e gratuito, aos domingos, pelo menos.",0.0,0.0
"O ambiente √© despojado, simples, mas a comida √© excelente, a carne de sol e o frango desossado s√£o maravilhosos, as por√ß√µes generosas, o pre√ßo n√£o √© dos mais baratos, principalmente nos acess√≥rios (espetinho da entrada e sobremesas) mas a qualidade √© boa.",1.0,1.0
O ambiente √© luxuoso e possui estacionamento na frente e ao lado do estabelecimento.,0.0,0.0
O ambiente √© muito agrad√°vel com forr√≥ p√©-de-serra tocando o tempo tempo.,1.0,1.0
O atendimento foi muito bom e a cerveja bem gelada.,1.0,1.0
"O atendimento √© tamb√©m um ponto elevado na casa, o que torna a experi√™ncia extremamente agrad√°vel.",1.0,1.0
"O card√°pio oferece op√ß√µes de lanche, entradas e prato quente.",0.0,0.0
O card√°pio parece um parque de divers√µes.,0.0,0.0
O c√≠trico do vinagrete combinava perfeitamente com o adocicado da ma√ß√£ e o sabor marcante do provolone.,1.0,1.0
"O lugar √© muito bonito, sofisticado e refinado.",1.0,1.0
"O mo√ßo que estava de gar√ßom e caixa - possivelmente um dos donos - estava conversando com um outro casal, e quando viu que eu levantei pra fazer o pedido olhou com cara de ""aff, sem paci√™ncia"".",1.0,-1.0
"O pre√ßo √© razo√°vel tamb√©m, nem t√£o caro nem t√£o barato.",1.0,-1.0
O que salva ali √© a boa vontade dw rodos gar√ßons e a maioria dos  mettres e o chefe das carnes.,1.0,-1.0
O restaurante deveria focar em obter receita com o comida e n√£o esses subterf√∫gios.De toda maneira a comida √© muito boa apenas deveria corrigir esses detalhes.,1.0,1.0
"O restaurante fica em uma rua pequena e um pouco escondido, mas a decora√ß√£o √© uma gra√ßa e o atendimento perfeito.",1.0,1.0
"O restaurante tem um local previlegiado, com uma vista exuberante.",1.0,1.0
O restaurante tem uma imensa variedade de comidas tipicas e sobremesas.,1.0,1.0
O rondelli de queijo com molho branco estava uma del√≠cia.,1.0,1.0
"O sabor estava bom, mas t√≠nhamos que literalmente ‚Äúpescar‚Äù os peda√ßos de peixe dentro da panela.",1.0,-1.0
O servi√ßo √© muito bom.,1.0,1.0
Os pratos servem mais de duas pessoas e s√£o excelentes.,1.0,1.0
Os pre√ßos s√£o moderados.,1.0,1.0
"Os risotos do festival s√£o bem servidos, experimentei 4 risotos e alguns n√£o estavam no ponto certo, em que pese estarem todos saborosos.",1.0,1.0
Os vinhos s√£o bons e os pre√ßos n√£o discrepam dos praticados em restaurantes do mesmo n√≠vel.,1.0,1.0
Para quem gosta de musica sertaneja √© parada obrigat√≥riaüòâ,1.0,1.0
Para quem vai ao Shopping Barra o Oliva e uma opcao para um almoco bom.,0.0,0.0
"Para ver o movimento, sente perto do corredor.",0.0,0.0
"Pedacinho da Fran√ßa em Ipanema, boas op√ß√µes e variedades de prato, com uma carta de vinhos bem adequada.",1.0,1.0
"Pedimos uma pizza meio Sertaneja e meia Fontana de Trevi, que estava muita boa (massa fina e saborosa).",1.0,1.0
"Pelo pre√ßo que √© cobrado, j√° deveriam ter passado por reforma, para tornar as instala√ß√µes e a espera mais agrad√°veis, principalmente os banheiros, que deixam muito a desejar.",1.0,-1.0
"Por√ß√£o com 12 unidades de bolinho tipo coquetel a $30 , podiam rever isso !",0.0,0.0
"Por√©m no que tange ao sabor da comida, posso dizer que foi sensacional.",1.0,1.0
"Pra n√≥s, n√£o foi problema.√önico sen√£o: falta de ar condicionado .",0.0,0.0
"Pratos saborosos , boa op√ß√£o o Camar√£o Internacional.",1.0,1.0
Pre√ßo acessivel.,1.0,1.0
"Pr√°tico e r√°pido.Para beber suco (suco do bem), refri, √°gua e cerveja Miller.",1.0,1.0
"Que agrad√°vel surpresa: ambiente bonito, comida saborosa: desde a entrada ate sobremesa.",1.0,1.0
"Quer sentir o ""clima de boteco carioca""?",0.0,0.0
Quero sempre mais!,1.0,1.0
Recomendad√≠ssimo!,1.0,1.0
Recomendo!,1.0,1.0
Recomendo.,0.0,0.0
Restaurante agrad√°vel e uma picanha maravilhosa!,1.0,1.0
"Restaurante em que o valor da comida √© de acordo com a carne escolhida (Carne, frango, salm√£o.",0.0,0.0
"Se fosse ruim, n√£o estaria em tantas letras de m√∫sica.",0.0,0.0
Se quer comer camar√£o va ao restaurante.,0.0,0.0
"Sem duvida alguma √© a melhor hamburgueria de Palmas, desde a qualidade do atendimento, ambiente, m√∫sica, e o principal, a qualidade da comida.",1.0,1.0
Sempre visito com clientes de fora da cidade para almo√ßo de neg√≥cios.,0.0,0.0
Sensacional.,1.0,1.0
"Servi√ßo lento,por√©m atencioso.voltarei.",1.0,1.0
Seu estilo n√£o parece ter mudado muito no decorrer dos anos o que lhe confere por si s√≥ o status de ponto tur√≠stico.,0.0,0.0
Somos fregueses.,0.0,0.0
Super recomendo!!!,1.0,1.0
Tem 3 ou mais op√ß√µes de carne e √© barato.,1.0,1.0
Tem estacionamento!,0.0,0.0
Tem pizzas e past√©is.,0.0,0.0
Tem uma vista boa e os atendentes s√£o simp√°ticos.,1.0,1.0
Tive a oportunidade de provar a carne de sol com pir√£o de queijo de sabor suave e delicioso.,1.0,1.0
"Todos os pratos estavam deliciosos, bem temperados.",1.0,1.0
Tomei um drink de espumante com a√ßa√≠ e nibs de cacau que estava sensacional!!,1.0,1.0
"Tudo nesta hamburgueria √© de qualidade e bem servido, e o ambiente √© agrad√°vel e os funcion√°rios gentis.",1.0,1.0
"Um lugar para as pessoas bonitas, ent√£o veste smart.",0.0,0.0
"Uma dica √© chegar cedo, pois como √© muito bom, nos finais de semana fica lotado na hora do almo√ßo.",1.0,1.0
Vale a pena o pre√ßo.,1.0,1.0
Vale a pena!,1.0,1.0
Vale a pena.,1.0,1.0
Vale apena!,1.0,1.0
"Vale muito a visita , comida sem carne mas com muito sabor e apresenta√ß√£o sensacional, recomendo para todos experimentarem, √≥tima experi√™ncia",1.0,1.0
Visitei com amigos e fam√≠lia e todos gostaram.,1.0,1.0
Voltaremos em breve!!,0.0,0.0
"Voltaria a comer l√°, com certeza!",1.0,1.0
bons ingredientes.,1.0,1.0
"lugar lindo , com uma decora√ß√£o r√∫stico chic.",1.0,1.0
o restante gostei.,1.0,1.0
padaria de primeira qualidade .,1.0,1.0
quando chegamos na cidade fomos direito para la e comemos muito.,0.0,0.0
recomendo o A La Minuta (com bife a Milanesa),0.0,0.0
√Ås vezes demora mas pela quantidade de pedidos.,1.0,-1.0
√â uma boa op√ß√£o para quem quer comer comida japonesa em Jo√£o Pessoa.,1.0,1.0
√ìtimo atendimento.,1.0,1.0
√ìtimo lugar para encontrar os amigos e passar a noite conversando.,1.0,1.0
"√ìtimo lugar para tomar uma cerveja com amigos ou fam√≠lia, gostei muito da por√ß√£o de jacar√©, indico a todos",1.0,1.0
"√ìtimo restaurante onde a comida em nada fica a dever aos bons restaurantes de S√£o Paulo, ber√ßo da culin√°ria italiana no Brasil.",1.0,1.0
"üá¨üá∑ H√° um bom tempo quer√≠amos conhecer o restaurante grego √ìia, t√£o aclamado pelos cr√≠ticos gastron√¥micos do Rio e atual queridinho dos cariocas.‚†Ä O lugar tem uma decora√ß√£o mediterr√¢nea, mesclando tons de azul com branco, tudo impec√°vel!",1.0,1.0
